,link,date,judge,decision
0,https://www.nycourts.gov/reporter/motions/2024/2024_97000.htm,2024-01-24,"Cannataro, J.",Disposition: Applications for Criminal Leave to appeal denied
1,https://www.nycourts.gov/reporter/motions/2024/2024_97001.htm,2024-01-29,"Rivera, J.",Disposition: Applications for Criminal Leave to appeal denied
2,https://www.nycourts.gov/reporter/motions/2024/2024_97002.htm,2024-01-31,"Garcia, J.",Disposition: Applications for Criminal Leave to appeal denied
3,https://www.nycourts.gov/reporter/motions/2024/2024_97003.htm,2024-01-31,"Troutman, J.",Disposition: Applications for Criminal Leave to appeal denied
4,https://www.nycourts.gov/reporter/motions/2024/2024_97004.htm,2024-01-24,"Wilson, Ch. J.",Disposition: Applications for Criminal Leave to appeal denied
5,https://www.nycourts.gov/reporter/motions/2024/2024_97005.htm,2024-01-24,"Cannataro, J.",Disposition: Applications for Criminal Leave to appeal denied
6,https://www.nycourts.gov/reporter/motions/2024/2024_97006.htm,2024-01-31,"Garcia, J.",Disposition: Applications for Criminal Leave to appeal denied
7,https://www.nycourts.gov/reporter/motions/2024/2024_97007.htm,2024-01-24,"Wilson, Ch. J.",Disposition: Applications for Criminal Leave to appeal denied
8,https://www.nycourts.gov/reporter/motions/2024/2024_97008.htm,2024-01-16,"Halligan, J.",Disposition: Applications for Criminal Leave to appeal denied
9,https://www.nycourts.gov/reporter/motions/2024/2024_97009.htm,2024-01-16,"Halligan, J.",Disposition: Applications for Criminal Leave to appeal denied
10,https://www.nycourts.gov/reporter/motions/2024/2024_97010.htm,2024-01-24,"Cannataro, J.",Disposition: Applications for Criminal Leave to appeal denied
11,https://www.nycourts.gov/reporter/motions/2024/2024_97011.htm,2024-01-24,"Wilson, Ch. J.",Disposition: Applications for Criminal Leave to appeal denied
12,https://www.nycourts.gov/reporter/motions/2024/2024_97012.htm,2024-01-24,"Cannataro, J.",Disposition: Applications for Criminal Leave to appeal denied
13,https://www.nycourts.gov/reporter/motions/2024/2024_97013.htm,2024-01-24,"Halligan, J.",Disposition: Applications for Criminal Leave to appeal denied
14,https://www.nycourts.gov/reporter/motions/2024/2024_97014.htm,2024-01-24,"Cannataro, J.",Disposition: Applications for Criminal Leave to appeal denied
15,https://www.nycourts.gov/reporter/motions/2024/2024_97015.htm,2024-01-26,"Halligan, J.",Disposition: Applications for Criminal Leave to appeal denied
16,https://www.nycourts.gov/reporter/motions/2024/2024_97016.htm,2024-01-30,"Garcia, J.",Disposition: Applications for Criminal Leave to appeal dismissed
17,https://www.nycourts.gov/reporter/motions/2024/2024_97017.htm,2024-01-31,"Singas, J.",Disposition: Applications for Criminal Leave to appeal denied
18,https://www.nycourts.gov/reporter/motions/2024/2024_97018.htm,2024-01-26,"Rivera, J.",Disposition: Applications for Criminal Leave to appeal denied
19,https://www.nycourts.gov/reporter/motions/2024/2024_97019.htm,2024-01-26,"Rivera, J.",Disposition: Applications for Criminal Leave to appeal denied
20,https://www.nycourts.gov/reporter/motions/2024/2024_97020.htm,2024-01-26,"Rivera, J.",Disposition: Applications for Criminal Leave to appeal denied
21,https://www.nycourts.gov/reporter/motions/2024/2024_97021.htm,2024-01-26,"Rivera, J.",Disposition: Applications for Criminal Leave to appeal denied
22,https://www.nycourts.gov/reporter/motions/2024/2024_97022.htm,2024-01-24,"Wilson, Ch. J.",Disposition: Applications for Criminal Leave to appeal denied
23,https://www.nycourts.gov/reporter/motions/2024/2024_97023.htm,2024-01-24,"Cannataro, J.",Disposition: Applications for Criminal Leave to appeal denied
24,https://www.nycourts.gov/reporter/motions/2024/2024_97024.htm,2024-01-18,"Wilson, Ch. J.",Disposition: Applications for Criminal Leave to appeal dismissed
25,https://www.nycourts.gov/reporter/motions/2024/2024_97025.htm,2024-01-25,"Halligan, J.",Disposition: Applications for Criminal Leave to appeal denied
26,https://www.nycourts.gov/reporter/motions/2024/2024_97026.htm,2024-01-30,"Rivera, J.",Disposition: Applications for Criminal Leave to appeal denied
27,https://www.nycourts.gov/reporter/motions/2024/2024_97027.htm,2024-01-30,"Rivera, J.",Disposition: Applications for Criminal Leave to appeal denied
28,https://www.nycourts.gov/reporter/motions/2024/2024_97028.htm,2024-01-18,"Wilson, Ch. J.",Disposition: Applications for Criminal Leave to appeal denied
29,https://www.nycourts.gov/reporter/motions/2024/2024_97029.htm,2024-01-26,"Rivera, J.",Disposition: Applications for Criminal Leave to appeal denied
30,https://www.nycourts.gov/reporter/motions/2024/2024_97030.htm,2024-01-22,"Halligan, J.",Disposition: Applications for Criminal Leave to appeal denied
31,https://www.nycourts.gov/reporter/motions/2024/2024_97031.htm,2024-01-24,"Wilson, Ch. J.",Disposition: Applications for Criminal Leave to appeal denied
32,https://www.nycourts.gov/reporter/motions/2024/2024_97032.htm,2024-01-25,"Halligan, J.",Disposition: Applications for Criminal Leave to appeal denied
33,https://www.nycourts.gov/reporter/motions/2024/2024_97033.htm,2024-01-26,"Rivera, J.",Disposition: Applications for Criminal Leave to appeal denied
34,https://www.nycourts.gov/reporter/motions/2024/2024_97034.htm,2024-01-26,"Rivera, J.",Disposition: Applications for Criminal Leave to appeal denied
35,https://www.nycourts.gov/reporter/motions/2024/2024_97035.htm,2024-01-24,"Cannataro, J.",Disposition: Applications for Criminal Leave to appeal denied reconsideration
36,https://www.nycourts.gov/reporter/motions/2024/2024_97036.htm,2024-01-16,"Rivera, J.",Disposition: Applications for Criminal Leave to appeal denied
37,https://www.nycourts.gov/reporter/motions/2024/2024_97037.htm,2024-01-24,"Cannataro, J.",Disposition: Applications for Criminal Leave to appeal denied reconsideration
38,https://www.nycourts.gov/reporter/motions/2024/2024_97038.htm,2024-01-24,"Cannataro, J.",Disposition: Applications for Criminal Leave to appeal denied
39,https://www.nycourts.gov/reporter/motions/2024/2024_97039.htm,2024-01-03,"Rivera, J.",Disposition: Applications for Criminal Leave to appeal denied
40,https://www.nycourts.gov/reporter/motions/2024/2024_97040.htm,2024-01-24,"Cannataro, J.",Disposition: Applications for Criminal Leave to appeal denied
41,https://www.nycourts.gov/reporter/motions/2024/2024_97041.htm,2024-01-26,"Halligan, J.",Disposition: Applications for Criminal Leave to appeal denied
42,https://www.nycourts.gov/reporter/motions/2024/2024_97042.htm,2024-01-26,"Rivera, J.",Disposition: Applications for Criminal Leave to appeal denied
43,https://www.nycourts.gov/reporter/motions/2024/2024_97043.htm,2024-01-26,"Rivera, J.",Disposition: Applications for Criminal Leave to appeal denied
44,https://www.nycourts.gov/reporter/motions/2024/2024_97044.htm,2024-01-26,"Rivera, J.",Disposition: Applications for Criminal Leave to appeal denied
45,https://www.nycourts.gov/reporter/motions/2024/2024_97045.htm,2024-01-24,"Wilson, Ch. J.",Disposition: Applications for Criminal Leave to appeal denied
46,https://www.nycourts.gov/reporter/motions/2024/2024_97046.htm,2024-01-26,"Rivera, J.",Disposition: Applications for Criminal Leave to appeal denied
47,https://www.nycourts.gov/reporter/motions/2024/2024_97047.htm,2024-01-26,"Halligan, J.",Disposition: Applications for Criminal Leave to appeal dismissed
48,https://www.nycourts.gov/reporter/motions/2024/2024_97048.htm,2024-01-24,"Cannataro, J.",Disposition: Applications for Criminal Leave to appeal denied
49,https://www.nycourts.gov/reporter/motions/2024/2024_97049.htm,2024-01-26,"Singas, J.",Disposition: Applications for Criminal Leave to appeal denied
50,https://www.nycourts.gov/reporter/motions/2024/2024_97050.htm,2024-01-26,"Garcia, J.",Disposition: Applications for Criminal Leave to appeal denied
51,https://www.nycourts.gov/reporter/motions/2024/2024_97051.htm,2024-01-24,"Wilson, Ch. J.",Disposition: Applications for Criminal Leave to appeal denied
52,https://www.nycourts.gov/reporter/motions/2024/2024_97052.htm,2024-01-29,"Rivera, J.",Disposition: Applications for Criminal Leave to appeal denied reconsideration
53,https://www.nycourts.gov/reporter/motions/2024/2024_97053.htm,2024-01-30,"Garcia, J.",Disposition: Applications for Criminal Leave to appeal denied
54,https://www.nycourts.gov/reporter/motions/2024/2024_97054.htm,2024-01-30,"Garcia, J.",Disposition: Applications for Criminal Leave to appeal denied
55,https://www.nycourts.gov/reporter/motions/2024/2024_97055.htm,2024-01-18,"Wilson, Ch. J.",Disposition: Applications for Criminal Leave to appeal denied
56,https://www.nycourts.gov/reporter/motions/2024/2024_97056.htm,2024-01-31,"Singas, J.",Disposition: Applications for Criminal Leave to appeal denied
57,https://www.nycourts.gov/reporter/motions/2024/2024_97057.htm,2024-01-18,"Wilson, Ch. J.",Disposition: Applications for Criminal Leave to appeal denied
58,https://www.nycourts.gov/reporter/motions/2024/2024_97058.htm,2024-01-24,"Wilson, Ch. J.",Disposition: Applications for Criminal Leave to appeal denied
59,https://www.nycourts.gov/reporter/motions/2024/2024_97059.htm,2024-01-30,"Garcia, J.",Disposition: Applications for Criminal Leave to appeal denied
60,https://www.nycourts.gov/reporter/motions/2024/2024_97060.htm,2024-01-26,"Garcia, J.",Disposition: Applications for Criminal Leave to appeal denied
61,https://www.nycourts.gov/reporter/motions/2024/2024_97061.htm,2024-01-02,"Garcia, J.",Disposition: Applications for Criminal Leave to appeal denied
62,https://www.nycourts.gov/reporter/motions/2024/2024_97062.htm,2024-01-25,"Halligan, J.",Disposition: Applications for Criminal Leave to appeal denied
63,https://www.nycourts.gov/reporter/motions/2024/2024_97063.htm,2024-01-26,"Singas, J.",Disposition: Applications for Criminal Leave to appeal denied
64,https://www.nycourts.gov/reporter/motions/2024/2024_97064.htm,2024-01-24,"Cannataro, J.",Disposition: Applications for Criminal Leave to appeal denied
65,https://www.nycourts.gov/reporter/motions/2024/2024_97065.htm,2024-01-30,"Garcia, J.",Disposition: Applications for Criminal Leave to appeal denied
66,https://www.nycourts.gov/reporter/motions/2024/2024_97066.htm,2024-01-24,"Wilson, Ch. J.",Disposition: Applications for Criminal Leave to appeal denied
67,https://www.nycourts.gov/reporter/motions/2024/2024_97067.htm,2024-01-02,"Garcia, J.",Disposition: Applications for Criminal Leave to appeal denied reconsideration
68,https://www.nycourts.gov/reporter/motions/2024/2024_97068.htm,2024-01-26,"Garcia, J.",Disposition: Applications for Criminal Leave to appeal denied
69,https://www.nycourts.gov/reporter/motions/2024/2024_97069.htm,2024-01-24,"Wilson, Ch. J.",Disposition: Applications for Criminal Leave to appeal denied
70,https://www.nycourts.gov/reporter/motions/2024/2024_97070.htm,2024-01-24,"Wilson, Ch. J.",Disposition: Applications for Criminal Leave to appeal denied
71,https://www.nycourts.gov/reporter/motions/2024/2024_97071.htm,2024-01-26,"Rivera, J.",Disposition: Applications for Criminal Leave to appeal denied
72,https://www.nycourts.gov/reporter/motions/2024/2024_97072.htm,2024-01-18,"Wilson, Ch. J.",Disposition: Applications for Criminal Leave to appeal denied
73,https://www.nycourts.gov/reporter/motions/2024/2024_97073.htm,2024-01-24,"Wilson, Ch. J.",Disposition: Applications for Criminal Leave to appeal denied
74,https://www.nycourts.gov/reporter/motions/2024/2024_97074.htm,2024-01-12,"Garcia, J.",Disposition: Applications for Criminal Leave to appeal denied
75,https://www.nycourts.gov/reporter/motions/2024/2024_97075.htm,2024-01-26,"Garcia, J.",Disposition: Applications for Criminal Leave to appeal denied
76,https://www.nycourts.gov/reporter/motions/2024/2024_97076.htm,2024-01-31,"Garcia, J.",Disposition: Applications for Criminal Leave to appeal denied
77,https://www.nycourts.gov/reporter/motions/2024/2024_97077.htm,2024-01-03,"Rivera, J.",Disposition: Applications for Criminal Leave to appeal denied
78,https://www.nycourts.gov/reporter/motions/2024/2024_97078.htm,2024-01-26,"Rivera, J.",Disposition: Applications for Criminal Leave to appeal denied
79,https://www.nycourts.gov/reporter/motions/2024/2024_97079.htm,2024-01-12,"Garcia, J.",Disposition: Applications for Criminal Leave to appeal denied
80,https://www.nycourts.gov/reporter/motions/2024/2024_97080.htm,2024-01-16,"Rivera, J.",Disposition: Applications for Criminal Leave to appeal denied
81,https://www.nycourts.gov/reporter/motions/2024/2024_97081.htm,2024-01-12,"Garcia, J.",Disposition: Applications for Criminal Leave to appeal denied
82,https://www.nycourts.gov/reporter/motions/2024/2024_97082.htm,2024-01-24,"Halligan, J.",Disposition: Applications for Criminal Leave to appeal dismissed
83,https://www.nycourts.gov/reporter/motions/2024/2024_97083.htm,2024-01-24,"Halligan, J.",Disposition: Applications for Criminal Leave to appeal dismissed
84,https://www.nycourts.gov/reporter/motions/2024/2024_97084.htm,2024-01-31,"Garcia, J.",Disposition: Applications for Criminal Leave to appeal denied
85,https://www.nycourts.gov/reporter/motions/2024/2024_97085.htm,2024-01-31,"Garcia, J.",Disposition: Applications for Criminal Leave to appeal denied
86,https://www.nycourts.gov/reporter/motions/2024/2024_97086.htm,2024-01-30,"Halligan, J.",Disposition: Applications for Criminal Leave to appeal denied
87,https://www.nycourts.gov/reporter/motions/2024/2024_97087.htm,2024-01-24,"Cannataro, J.",Disposition: Applications for Criminal Leave to appeal denied
88,https://www.nycourts.gov/reporter/motions/2024/2024_97088.htm,2024-01-26,"Halligan, J.",Disposition: Applications for Criminal Leave to appeal denied
89,https://www.nycourts.gov/reporter/motions/2024/2024_97089.htm,2024-01-31,"Singas, J.",Disposition: Applications for Criminal Leave to appeal denied
90,https://www.nycourts.gov/reporter/motions/2024/2024_97090.htm,2024-01-31,"Singas, J.",Disposition: Applications for Criminal Leave to appeal denied
91,https://www.nycourts.gov/reporter/motions/2024/2024_97091.htm,2024-01-04,"Rivera, J.",Disposition: Applications for Criminal Leave to appeal denied
92,https://www.nycourts.gov/reporter/motions/2024/2024_97092.htm,2024-01-18,"Wilson, Ch. J.",Disposition: Applications for Criminal Leave to appeal denied
93,https://www.nycourts.gov/reporter/motions/2024/2024_97093.htm,2024-01-31,"Singas, J.",Disposition: Applications for Criminal Leave to appeal denied
94,https://www.nycourts.gov/reporter/motions/2024/2024_97094.htm,2024-01-02,"Garcia, J.",Disposition: Applications for Criminal Leave to appeal denied
95,https://www.nycourts.gov/reporter/motions/2024/2024_97095.htm,2024-01-24,"Cannataro, J.",Disposition: Applications for Criminal Leave to appeal denied
96,https://www.nycourts.gov/reporter/motions/2024/2024_97096.htm,2024-01-26,"Garcia, J.",Disposition: Applications for Criminal Leave to appeal denied
97,https://www.nycourts.gov/reporter/motions/2024/2024_97097.htm,2024-01-31,"Singas, J.",Disposition: Applications for Criminal Leave to appeal denied
98,https://www.nycourts.gov/reporter/motions/2024/2024_97098.htm,2024-01-24,"Wilson, Ch. J.",Disposition: Applications for Criminal Leave to appeal denied
99,https://www.nycourts.gov/reporter/motions/2024/2024_97099.htm,2024-01-26,"Singas, J.",Disposition: Applications for Criminal Leave to appeal denied
100,https://www.nycourts.gov/reporter/motions/2024/2024_97100.htm,2024-01-29,"Singas, J.",Disposition: Applications for Criminal Leave to appeal denied
101,https://www.nycourts.gov/reporter/motions/2024/2024_97101.htm,2024-01-29,"Rivera, J.",Disposition: Applications for Criminal Leave to appeal dismissed
102,https://www.nycourts.gov/reporter/motions/2024/2024_97102.htm,2024-01-12,"Garcia, J.",Disposition: Applications for Criminal Leave to appeal denied
103,https://www.nycourts.gov/reporter/motions/2024/2024_97103.htm,2024-01-16,"Halligan, J.",Disposition: Applications for Criminal Leave to appeal denied
104,https://www.nycourts.gov/reporter/motions/2024/2024_97104.htm,2024-01-11,"Reynolds Fitzgerald, J.",Disposition: Applications for Criminal Leave to appeal granted
105,https://www.nycourts.gov/reporter/motions/2024/2024_97105.htm,2024-02-29,"Singas, J.",Disposition: Applications for Criminal Leave to appeal denied
106,https://www.nycourts.gov/reporter/motions/2024/2024_97106.htm,2024-02-23,"Cannataro, J.",Disposition: Applications for Criminal Leave to appeal denied
107,https://www.nycourts.gov/reporter/motions/2024/2024_97107.htm,2024-02-26,"Cannataro, J.",Disposition: Applications for Criminal Leave to appeal denied
108,https://www.nycourts.gov/reporter/motions/2024/2024_97108.htm,2024-02-23,"Singas, J.",Disposition: Applications for Criminal Leave to appeal denied
109,https://www.nycourts.gov/reporter/motions/2024/2024_97109.htm,2024-02-13,"Garcia, J.",Disposition: Applications for Criminal Leave to appeal denied
110,https://www.nycourts.gov/reporter/motions/2024/2024_97110.htm,2024-02-29,"Singas, J.",Disposition: Applications for Criminal Leave to appeal denied
111,https://www.nycourts.gov/reporter/motions/2024/2024_97111.htm,2024-02-28,"Rivera, J.",Disposition: Applications for Criminal Leave to appeal denied
112,https://www.nycourts.gov/reporter/motions/2024/2024_97112.htm,2024-02-13,"Garcia, J.",Disposition: Applications for Criminal Leave to appeal denied
113,https://www.nycourts.gov/reporter/motions/2024/2024_97113.htm,2024-02-08,"Rivera, J.",Disposition: Applications for Criminal Leave to appeal dismissed
114,https://www.nycourts.gov/reporter/motions/2024/2024_97114.htm,2024-02-23,"Cannataro, J.",Disposition: Applications for Criminal Leave to appeal denied
115,https://www.nycourts.gov/reporter/motions/2024/2024_97115.htm,2024-02-22,"Halligan, J.",Disposition: Applications for Criminal Leave to appeal denied
116,https://www.nycourts.gov/reporter/motions/2024/2024_97116.htm,2024-02-29,"Singas, J.",Disposition: Applications for Criminal Leave to appeal denied
117,https://www.nycourts.gov/reporter/motions/2024/2024_97117.htm,2024-02-29,"Singas, J.",Disposition: Applications for Criminal Leave to appeal denied
118,https://www.nycourts.gov/reporter/motions/2024/2024_97118.htm,2024-02-23,"Cannataro, J.",Disposition: Applications for Criminal Leave to appeal denied
119,https://www.nycourts.gov/reporter/motions/2024/2024_97119.htm,2024-02-29,"Singas, J.",Disposition: Applications for Criminal Leave to appeal denied
120,https://www.nycourts.gov/reporter/motions/2024/2024_97120.htm,2024-02-26,"Cannataro, J.",Disposition: Applications for Criminal Leave to appeal denied
121,https://www.nycourts.gov/reporter/motions/2024/2024_97121.htm,2024-02-27,"Rivera, J.",Disposition: Applications for Criminal Leave to appeal denied
122,https://www.nycourts.gov/reporter/motions/2024/2024_97122.htm,2024-02-09,"Rivera, J.",Disposition: Applications for Criminal Leave to appeal denied
123,https://www.nycourts.gov/reporter/motions/2024/2024_97123.htm,2024-02-23,"Singas, J.",Disposition: Applications for Criminal Leave to appeal denied
124,https://www.nycourts.gov/reporter/motions/2024/2024_97124.htm,2024-02-09,"Rivera, J.",Disposition: Applications for Criminal Leave to appeal denied
125,https://www.nycourts.gov/reporter/motions/2024/2024_97125.htm,2024-02-26,"Cannataro, J.",Disposition: Applications for Criminal Leave to appeal denied
126,https://www.nycourts.gov/reporter/motions/2024/2024_97126.htm,2024-02-22,"Halligan, J.",Disposition: Applications for Criminal Leave to appeal dismissed
127,https://www.nycourts.gov/reporter/motions/2024/2024_97127.htm,2024-02-29,"Singas, J.",Disposition: Applications for Criminal Leave to appeal denied
128,https://www.nycourts.gov/reporter/motions/2024/2024_97128.htm,2024-02-29,"Singas, J.",Disposition: Applications for Criminal Leave to appeal denied
129,https://www.nycourts.gov/reporter/motions/2024/2024_97129.htm,2024-02-26,"Halligan, J.",Disposition: Applications for Criminal Leave to appeal denied
130,https://www.nycourts.gov/reporter/motions/2024/2024_97130.htm,2024-02-27,"Rivera, J.",Disposition: Applications for Criminal Leave to appeal denied
131,https://www.nycourts.gov/reporter/motions/2024/2024_97131.htm,2024-02-23,"Singas, J.",Disposition: Applications for Criminal Leave to appeal denied
132,https://www.nycourts.gov/reporter/motions/2024/2024_97132.htm,2024-02-23,"Halligan, J.",Disposition: Applications for Criminal Leave to appeal denied
133,https://www.nycourts.gov/reporter/motions/2024/2024_97133.htm,2024-02-29,"Singas, J.",Disposition: Applications for Criminal Leave to appeal denied
134,https://www.nycourts.gov/reporter/motions/2024/2024_97134.htm,2024-02-22,"Halligan, J.",Disposition: Applications for Criminal Leave to appeal granted
135,https://www.nycourts.gov/reporter/motions/2024/2024_97135.htm,2024-02-29,"Singas, J.",Disposition: Applications for Criminal Leave to appeal denied
136,https://www.nycourts.gov/reporter/motions/2024/2024_97136.htm,2024-02-29,"Singas, J.",Disposition: Applications for Criminal Leave to appeal denied
137,https://www.nycourts.gov/reporter/motions/2024/2024_97137.htm,2024-02-27,"Rivera, J.",Disposition: Applications for Criminal Leave to appeal denied
138,https://www.nycourts.gov/reporter/motions/2024/2024_97138.htm,2024-02-15,"Garcia, J.",Disposition: Applications for Criminal Leave to appeal denied
139,https://www.nycourts.gov/reporter/motions/2024/2024_97139.htm,2024-02-27,"Rivera, J.",Disposition: Applications for Criminal Leave to appeal denied
140,https://www.nycourts.gov/reporter/motions/2024/2024_97140.htm,2024-02-20,"Halligan, J.",Disposition: Applications for Criminal Leave to appeal dismissed
141,https://www.nycourts.gov/reporter/motions/2024/2024_97141.htm,2024-02-26,"Cannataro, J.",Disposition: Applications for Criminal Leave to appeal denied
142,https://www.nycourts.gov/reporter/motions/2024/2024_97142.htm,2024-02-22,"Garcia, J.",Disposition: Applications for Criminal Leave to appeal denied
143,https://www.nycourts.gov/reporter/motions/2024/2024_97143.htm,2024-02-26,"Cannataro, J.",Disposition: Applications for Criminal Leave to appeal denied
144,https://www.nycourts.gov/reporter/motions/2024/2024_97144.htm,2024-02-08,"Rivera, J.",Disposition: Applications for Criminal Leave to appeal dismissed
145,https://www.nycourts.gov/reporter/motions/2024/2024_97145.htm,2024-02-26,"Singas, J.",Disposition: Applications for Criminal Leave to appeal denied
146,https://www.nycourts.gov/reporter/motions/2024/2024_97146.htm,2024-02-29,"Singas, J.",Disposition: Applications for Criminal Leave to appeal denied
147,https://www.nycourts.gov/reporter/motions/2024/2024_97147.htm,2024-02-26,"Singas, J.",Disposition: Applications for Criminal Leave to appeal denied
148,https://www.nycourts.gov/reporter/motions/2024/2024_97148.htm,2024-02-22,"Halligan, J.",Disposition: Applications for Criminal Leave to appeal denied
149,https://www.nycourts.gov/reporter/motions/2024/2024_97149.htm,2024-02-29,"Singas, J.",Disposition: Applications for Criminal Leave to appeal denied
150,https://www.nycourts.gov/reporter/motions/2024/2024_97150.htm,2024-02-26,"Cannataro, J.",Disposition: Applications for Criminal Leave to appeal denied
151,https://www.nycourts.gov/reporter/motions/2024/2024_97151.htm,2024-02-22,"Garcia, J.",Disposition: Applications for Criminal Leave to appeal denied
152,https://www.nycourts.gov/reporter/motions/2024/2024_97152.htm,2024-02-26,"Cannataro, J.",Disposition: Applications for Criminal Leave to appeal denied
153,https://www.nycourts.gov/reporter/motions/2024/2024_97153.htm,2024-02-29,"Garcia, J.",Disposition: Applications for Criminal Leave to appeal denied
154,https://www.nycourts.gov/reporter/motions/2024/2024_97154.htm,2024-02-23,"Garcia, J.",Disposition: Applications for Criminal Leave to appeal denied
155,https://www.nycourts.gov/reporter/motions/2024/2024_97155.htm,2024-02-22,"Garcia, J.",Disposition: Applications for Criminal Leave to appeal denied
156,https://www.nycourts.gov/reporter/motions/2024/2024_97156.htm,2024-02-09,"Rivera, J.",Disposition: Applications for Criminal Leave to appeal denied
157,https://www.nycourts.gov/reporter/motions/2024/2024_97157.htm,2024-02-21,"Wilson, Ch. J.",Disposition: Applications for Criminal Leave to appeal granted
158,https://www.nycourts.gov/reporter/motions/2024/2024_97158.htm,2024-02-09,"Rivera, J.",Disposition: Applications for Criminal Leave to appeal denied
159,https://www.nycourts.gov/reporter/motions/2024/2024_97159.htm,2024-02-29,"Garcia, J.",Disposition: Applications for Criminal Leave to appeal denied
160,https://www.nycourts.gov/reporter/motions/2024/2024_97160.htm,2024-02-20,"Halligan, J.",Disposition: Applications for Criminal Leave to appeal denied
161,https://www.nycourts.gov/reporter/motions/2024/2024_97161.htm,2024-02-01,"Halligan, J.",Disposition: Applications for Criminal Leave to appeal denied
162,https://www.nycourts.gov/reporter/motions/2024/2024_97162.htm,2024-02-29,"Garcia, J.",Disposition: Applications for Criminal Leave to appeal denied
163,https://www.nycourts.gov/reporter/motions/2024/2024_97163.htm,2024-02-23,"Singas, J.",Disposition: Applications for Criminal Leave to appeal denied
164,https://www.nycourts.gov/reporter/motions/2024/2024_97164.htm,2024-02-05,"Rivera, J.",Disposition: Applications for Criminal Leave to appeal denied
165,https://www.nycourts.gov/reporter/motions/2024/2024_97165.htm,2024-02-28,"Halligan, J.",Disposition: Applications for Criminal Leave to appeal denied
166,https://www.nycourts.gov/reporter/motions/2024/2024_97166.htm,2024-02-29,"Garcia, J.",Disposition: Applications for Criminal Leave to appeal denied
167,https://www.nycourts.gov/reporter/motions/2024/2024_97167.htm,2024-02-23,"Singas, J.",Disposition: Applications for Criminal Leave to appeal denied
168,https://www.nycourts.gov/reporter/motions/2024/2024_97168.htm,2024-02-13,"Garcia, J.",Disposition: Applications for Criminal Leave to appeal denied
169,https://www.nycourts.gov/reporter/motions/2024/2024_97169.htm,2024-02-29,"Garcia, J.",Disposition: Applications for Criminal Leave to appeal denied
170,https://www.nycourts.gov/reporter/motions/2024/2024_97170.htm,2024-02-27,"Rivera, J.",Disposition: Applications for Criminal Leave to appeal denied
171,https://www.nycourts.gov/reporter/motions/2024/2024_97171.htm,2024-02-29,"Singas, J.",Disposition: Applications for Criminal Leave to appeal denied
172,https://www.nycourts.gov/reporter/motions/2024/2024_97172.htm,2024-02-23,"Singas, J.",Disposition: Applications for Criminal Leave to appeal denied
173,https://www.nycourts.gov/reporter/motions/2024/2024_97173.htm,2024-02-27,"Rivera, J.",Disposition: Applications for Criminal Leave to appeal denied
174,https://www.nycourts.gov/reporter/motions/2024/2024_97174.htm,2024-02-27,"Rivera, J.",Disposition: Applications for Criminal Leave to appeal denied
175,https://www.nycourts.gov/reporter/motions/2024/2024_97175.htm,2024-02-22,"Garcia, J.",Disposition: Applications for Criminal Leave to appeal denied
176,https://www.nycourts.gov/reporter/motions/2024/2024_97176.htm,2024-03-14,"Garcia, J.",Disposition: Applications for Criminal Leave to appeal denied
177,https://www.nycourts.gov/reporter/motions/2024/2024_97177.htm,2024-03-26,"Wilson, Ch. J.",Disposition: Applications for Criminal Leave to appeal dismissed
178,https://www.nycourts.gov/reporter/motions/2024/2024_97178.htm,2024-03-28,"Rivera, J.",Disposition: Applications for Criminal Leave to appeal denied
179,https://www.nycourts.gov/reporter/motions/2024/2024_97179.htm,2024-03-18,"Wilson, Ch. J.",Disposition: Applications for Criminal Leave to appeal denied
180,https://www.nycourts.gov/reporter/motions/2024/2024_97180.htm,2024-03-28,"Rivera, J.",Disposition: Applications for Criminal Leave to appeal denied
181,https://www.nycourts.gov/reporter/motions/2024/2024_97181.htm,2024-03-01,"Garcia, J.",Disposition: Applications for Criminal Leave to appeal denied
182,https://www.nycourts.gov/reporter/motions/2024/2024_97182.htm,2024-03-18,"Wilson, Ch. J.",Disposition: Applications for Criminal Leave to appeal denied
183,https://www.nycourts.gov/reporter/motions/2024/2024_97183.htm,2024-03-28,"Rivera, J.",Disposition: Applications for Criminal Leave to appeal denied reconsideration
184,https://www.nycourts.gov/reporter/motions/2024/2024_97184.htm,2024-03-28,"Rivera, J.",Disposition: Applications for Criminal Leave to appeal denied
185,https://www.nycourts.gov/reporter/motions/2024/2024_97185.htm,2024-03-19,"Halligan, J.",Disposition: Applications for Criminal Leave to appeal denied
186,https://www.nycourts.gov/reporter/motions/2024/2024_97186.htm,2024-03-18,"Wilson, Ch. J.",Disposition: Applications for Criminal Leave to appeal denied
187,https://www.nycourts.gov/reporter/motions/2024/2024_97187.htm,2024-03-28,"Rivera, J.",Disposition: Applications for Criminal Leave to appeal denied reconsideration
188,https://www.nycourts.gov/reporter/motions/2024/2024_97188.htm,2024-03-18,"Wilson, Ch. J.",Disposition: Applications for Criminal Leave to appeal denied
189,https://www.nycourts.gov/reporter/motions/2024/2024_97189.htm,2024-03-21,"Singas, J.",Disposition: Applications for Criminal Leave to appeal denied
190,https://www.nycourts.gov/reporter/motions/2024/2024_97190.htm,2024-03-28,"Rivera, J.",Disposition: Applications for Criminal Leave to appeal denied
191,https://www.nycourts.gov/reporter/motions/2024/2024_97191.htm,2024-03-18,"Wilson, Ch. J.",Disposition: Applications for Criminal Leave to appeal denied
192,https://www.nycourts.gov/reporter/motions/2024/2024_97192.htm,2024-03-20,"Troutman, J.",Disposition: Applications for Criminal Leave to appeal denied
193,https://www.nycourts.gov/reporter/motions/2024/2024_97193.htm,2024-03-18,"Wilson, Ch. J.",Disposition: Applications for Criminal Leave to appeal denied
194,https://www.nycourts.gov/reporter/motions/2024/2024_97194.htm,2024-03-28,"Rivera, J.",Disposition: Applications for Criminal Leave to appeal denied
195,https://www.nycourts.gov/reporter/motions/2024/2024_97195.htm,2024-03-25,"Halligan, J.",Disposition: Applications for Criminal Leave to appeal denied
196,https://www.nycourts.gov/reporter/motions/2024/2024_97196.htm,2024-03-18,"Wilson, Ch. J.",Disposition: Applications for Criminal Leave to appeal denied
197,https://www.nycourts.gov/reporter/motions/2024/2024_97197.htm,2024-03-21,"Singas, J.",Disposition: Applications for Criminal Leave to appeal denied
198,https://www.nycourts.gov/reporter/motions/2024/2024_97198.htm,2024-03-26,"Singas, J.",Disposition: Applications for Criminal Leave to appeal denied
199,https://www.nycourts.gov/reporter/motions/2024/2024_97199.htm,2024-03-28,"Rivera, J.",Disposition: Applications for Criminal Leave to appeal denied
200,https://www.nycourts.gov/reporter/motions/2024/2024_97200.htm,2024-03-27,"Singas, J.",Disposition: Applications for Criminal Leave to appeal denied
201,https://www.nycourts.gov/reporter/motions/2024/2024_97201.htm,2024-03-28,"Rivera, J.",Disposition: Applications for Criminal Leave to appeal denied
202,https://www.nycourts.gov/reporter/motions/2024/2024_97202.htm,2024-03-01,"Garcia, J.",Disposition: Applications for Criminal Leave to appeal denied
203,https://www.nycourts.gov/reporter/motions/2024/2024_97203.htm,2024-03-27,"Garcia, J.",Disposition: Applications for Criminal Leave to appeal denied
204,https://www.nycourts.gov/reporter/motions/2024/2024_97204.htm,2024-03-29,"Singas, J.",Disposition: Applications for Criminal Leave to appeal denied
205,https://www.nycourts.gov/reporter/motions/2024/2024_97205.htm,2024-03-25,"Halligan, J.",Disposition: Applications for Criminal Leave to appeal denied
206,https://www.nycourts.gov/reporter/motions/2024/2024_97206.htm,2024-03-27,"Garcia, J.",Disposition: Applications for Criminal Leave to appeal denied
207,https://www.nycourts.gov/reporter/motions/2024/2024_97207.htm,2024-03-25,"Halligan, J.",Disposition: Applications for Criminal Leave to appeal dismissed
208,https://www.nycourts.gov/reporter/motions/2024/2024_97208.htm,2024-03-25,"Halligan, J.",Disposition: Applications for Criminal Leave to appeal denied
209,https://www.nycourts.gov/reporter/motions/2024/2024_97209.htm,2024-03-25,"Halligan, J.",Disposition: Applications for Criminal Leave to appeal denied
210,https://www.nycourts.gov/reporter/motions/2024/2024_97210.htm,2024-03-26,"Singas, J.",Disposition: Applications for Criminal Leave to appeal denied
211,https://www.nycourts.gov/reporter/motions/2024/2024_97211.htm,2024-03-28,"Rivera, J.",Disposition: Applications for Criminal Leave to appeal denied
212,https://www.nycourts.gov/reporter/motions/2024/2024_97212.htm,2024-03-27,"Halligan, J.",Disposition: Applications for Criminal Leave to appeal denied
213,https://www.nycourts.gov/reporter/motions/2024/2024_97213.htm,2024-03-21,"Garcia, J.",Disposition: Applications for Criminal Leave to appeal denied
214,https://www.nycourts.gov/reporter/motions/2024/2024_97214.htm,2024-03-20,"Garcia, J.",Disposition: Applications for Criminal Leave to appeal denied
215,https://www.nycourts.gov/reporter/motions/2024/2024_97215.htm,2024-03-25,"Halligan, J.",Disposition: Applications for Criminal Leave to appeal denied
216,https://www.nycourts.gov/reporter/motions/2024/2024_97216.htm,2024-03-20,"Troutman, J.",Disposition: Applications for Criminal Leave to appeal denied
217,https://www.nycourts.gov/reporter/motions/2024/2024_97217.htm,2024-03-25,"Halligan, J.",Disposition: Applications for Criminal Leave to appeal denied
218,https://www.nycourts.gov/reporter/motions/2024/2024_97218.htm,2024-03-25,"Halligan, J.",Disposition: Applications for Criminal Leave to appeal denied
219,https://www.nycourts.gov/reporter/motions/2024/2024_97219.htm,2024-03-28,"Rivera, J.",Disposition: Applications for Criminal Leave to appeal denied reconsideration
220,https://www.nycourts.gov/reporter/motions/2024/2024_97220.htm,2024-03-18,"Wilson, Ch. J.",Disposition: Applications for Criminal Leave to appeal dismissed
221,https://www.nycourts.gov/reporter/motions/2024/2024_97221.htm,2024-03-18,"Wilson, Ch. J.",Disposition: Applications for Criminal Leave to appeal dismissed
222,https://www.nycourts.gov/reporter/motions/2024/2024_97222.htm,2024-03-14,"Garcia, J.",Disposition: Applications for Criminal Leave to appeal denied
223,https://www.nycourts.gov/reporter/motions/2024/2024_97223.htm,2024-03-20,"Troutman, J.",Disposition: Applications for Criminal Leave to appeal dismissed
224,https://www.nycourts.gov/reporter/motions/2024/2024_97224.htm,2024-03-07,"Halligan, J.",Disposition: Applications for Criminal Leave to appeal denied
225,https://www.nycourts.gov/reporter/motions/2024/2024_97225.htm,2024-03-18,"Wilson, Ch. J.",Disposition: Applications for Criminal Leave to appeal denied
226,https://www.nycourts.gov/reporter/motions/2024/2024_97226.htm,2024-03-29,"Singas, J.",Disposition: Applications for Criminal Leave to appeal denied
227,https://www.nycourts.gov/reporter/motions/2024/2024_97227.htm,2024-03-18,"Wilson, Ch. J.",Disposition: Applications for Criminal Leave to appeal denied
228,https://www.nycourts.gov/reporter/motions/2024/2024_97228.htm,2024-03-27,"Halligan, J.",Disposition: Applications for Criminal Leave to appeal denied
229,https://www.nycourts.gov/reporter/motions/2024/2024_97229.htm,2024-03-26,"Troutman, J.",Disposition: Applications for Criminal Leave to appeal denied
230,https://www.nycourts.gov/reporter/motions/2024/2024_97230.htm,2024-03-20,"Garcia, J.",Disposition: Applications for Criminal Leave to appeal denied
231,https://www.nycourts.gov/reporter/motions/2024/2024_97231.htm,2024-03-20,"Garcia, J.",Disposition: Applications for Criminal Leave to appeal dismissed
232,https://www.nycourts.gov/reporter/motions/2024/2024_97232.htm,2024-03-29,"Singas, J.",Disposition: Applications for Criminal Leave to appeal dismissed
233,https://www.nycourts.gov/reporter/motions/2024/2024_97233.htm,2024-03-20,"Troutman, J.",Disposition: Applications for Criminal Leave to appeal denied
234,https://www.nycourts.gov/reporter/motions/2024/2024_97234.htm,2024-03-28,"Rivera, J.",Disposition: Applications for Criminal Leave to appeal denied
235,https://www.nycourts.gov/reporter/motions/2024/2024_97235.htm,2024-03-27,"Garcia, J.",Disposition: Applications for Criminal Leave to appeal denied reconsideration
236,https://www.nycourts.gov/reporter/motions/2024/2024_97236.htm,2024-03-25,"Halligan, J.",Disposition: Applications for Criminal Leave to appeal denied
237,https://www.nycourts.gov/reporter/motions/2024/2024_97237.htm,2024-03-25,"Wilson, Ch. J.",Disposition: Applications for Criminal Leave to appeal denied
238,https://www.nycourts.gov/reporter/motions/2024/2024_97238.htm,2024-03-25,"Wilson, Ch. J.",Disposition: Applications for Criminal Leave to appeal denied
239,https://www.nycourts.gov/reporter/motions/2024/2024_97239.htm,2024-03-28,"Rivera, J.",Disposition: Applications for Criminal Leave to appeal denied
240,https://www.nycourts.gov/reporter/motions/2024/2024_97240.htm,2024-03-18,"Wilson, Ch. J.",Disposition: Applications for Criminal Leave to appeal denied
241,https://www.nycourts.gov/reporter/motions/2024/2024_97241.htm,2024-03-27,"Singas, J.",Disposition: Applications for Criminal Leave to appeal denied
242,https://www.nycourts.gov/reporter/motions/2024/2024_97242.htm,2024-03-27,"Singas, J.",Disposition: Applications for Criminal Leave to appeal denied
243,https://www.nycourts.gov/reporter/motions/2024/2024_97243.htm,2024-03-29,"Singas, J.",Disposition: Applications for Criminal Leave to appeal denied
244,https://www.nycourts.gov/reporter/motions/2024/2024_97244.htm,2024-03-28,"Rivera, J.",Disposition: Applications for Criminal Leave to appeal denied
245,https://www.nycourts.gov/reporter/motions/2024/2024_97245.htm,2024-03-21,"Garcia, J.",Disposition: Applications for Criminal Leave to appeal denied
246,https://www.nycourts.gov/reporter/motions/2024/2024_97246.htm,2024-03-25,"Halligan, J.",Disposition: Applications for Criminal Leave to appeal denied
247,https://www.nycourts.gov/reporter/motions/2024/2024_97247.htm,2024-03-20,"Troutman, J.",Disposition: Applications for Criminal Leave to appeal denied
248,https://www.nycourts.gov/reporter/motions/2024/2024_97248.htm,2024-03-18,"Wilson, Ch. J.",Disposition: Applications for Criminal Leave to appeal denied
249,https://www.nycourts.gov/reporter/motions/2024/2024_97249.htm,2024-03-28,"Rivera, J.",Disposition: Applications for Criminal Leave to appeal denied
250,https://www.nycourts.gov/reporter/motions/2024/2024_97250.htm,2024-03-28,"Rivera, J.",Disposition: Applications for Criminal Leave to appeal dismissed
251,https://www.nycourts.gov/reporter/motions/2024/2024_97251.htm,2024-03-20,"Halligan, J.",Disposition: Applications for Criminal Leave to appeal denied
252,https://www.nycourts.gov/reporter/motions/2024/2024_97252.htm,2024-03-27,"Singas, J.",Disposition: Applications for Criminal Leave to appeal dismissed
253,https://www.nycourts.gov/reporter/motions/2024/2024_97253.htm,2024-03-14,"Garcia, J.",Disposition: Applications for Criminal Leave to appeal denied
254,https://www.nycourts.gov/reporter/motions/2024/2024_97254.htm,2024-03-18,"Wilson, Ch. J.",Disposition: Applications for Criminal Leave to appeal dismissed
255,https://www.nycourts.gov/reporter/motions/2024/2024_97255.htm,2024-03-25,"Wilson, Ch. J.",Disposition: Applications for Criminal Leave to appeal denied
256,https://www.nycourts.gov/reporter/motions/2024/2024_97256.htm,2024-03-29,"Singas, J.",Disposition: Applications for Criminal Leave to appeal dismissed
257,https://www.nycourts.gov/reporter/motions/2024/2024_97257.htm,2024-03-18,"Wilson, Ch. J.",Disposition: Applications for Criminal Leave to appeal denied reconsideration
258,https://www.nycourts.gov/reporter/motions/2024/2024_97258.htm,2024-03-27,"Halligan, J.",Disposition: Applications for Criminal Leave to appeal denied
259,https://www.nycourts.gov/reporter/motions/2024/2024_97259.htm,2024-03-18,"Wilson, Ch. J.",Disposition: Applications for Criminal Leave to appeal denied
260,https://www.nycourts.gov/reporter/motions/2024/2024_97260.htm,2024-03-18,"Wilson, Ch. J.",Disposition: Applications for Criminal Leave to appeal granted
261,https://www.nycourts.gov/reporter/motions/2024/2024_97261.htm,2024-03-25,"Halligan, J.",Disposition: Applications for Criminal Leave to appeal denied
262,https://www.nycourts.gov/reporter/motions/2024/2024_97262.htm,2024-03-18,"Wilson, Ch. J.",Disposition: Applications for Criminal Leave to appeal denied
263,https://www.nycourts.gov/reporter/motions/2024/2024_97263.htm,2024-03-18,"Wilson, Ch. J.",Disposition: Applications for Criminal Leave to appeal denied
264,https://www.nycourts.gov/reporter/motions/2024/2024_97264.htm,2024-04-26,"Cannataro, J.",Disposition: Applications for Criminal Leave to appeal denied
265,https://www.nycourts.gov/reporter/motions/2024/2024_97265.htm,2024-04-09,"Garcia, J.",Disposition: Applications for Criminal Leave to appeal denied
266,https://www.nycourts.gov/reporter/motions/2024/2024_97266.htm,2024-04-26,"Cannataro, J.",Disposition: Applications for Criminal Leave to appeal denied
267,https://www.nycourts.gov/reporter/motions/2024/2024_97267.htm,2024-04-29,"Singas, J.",Disposition: Applications for Criminal Leave to appeal denied
268,https://www.nycourts.gov/reporter/motions/2024/2024_97268.htm,2024-04-02,"Halligan, J.",Disposition: Applications for Criminal Leave to appeal denied
269,https://www.nycourts.gov/reporter/motions/2024/2024_97269.htm,2024-04-23,"Cannataro, J.",Disposition: Applications for Criminal Leave to appeal denied
270,https://www.nycourts.gov/reporter/motions/2024/2024_97270.htm,2024-04-30,"Singas, J.",Disposition: Applications for Criminal Leave to appeal denied
271,https://www.nycourts.gov/reporter/motions/2024/2024_97271.htm,2024-04-29,"Halligan, J.",Disposition: Applications for Criminal Leave to appeal denied
272,https://www.nycourts.gov/reporter/motions/2024/2024_97272.htm,2024-04-30,"Garcia, J.",Disposition: Applications for Criminal Leave to appeal denied reconsideration
273,https://www.nycourts.gov/reporter/motions/2024/2024_97273.htm,2024-04-30,"Cannataro, J.",Disposition: Applications for Criminal Leave to appeal denied
274,https://www.nycourts.gov/reporter/motions/2024/2024_97274.htm,2024-04-29,"Rivera, J.",Disposition: Applications for Criminal Leave to appeal denied
275,https://www.nycourts.gov/reporter/motions/2024/2024_97275.htm,2024-04-22,"Halligan, J.",Disposition: Applications for Criminal Leave to appeal denied
276,https://www.nycourts.gov/reporter/motions/2024/2024_97276.htm,2024-04-03,"Singas, J.",Disposition: Applications for Criminal Leave to appeal denied
277,https://www.nycourts.gov/reporter/motions/2024/2024_97277.htm,2024-04-30,"Garcia, J.",Disposition: Applications for Criminal Leave to appeal denied
278,https://www.nycourts.gov/reporter/motions/2024/2024_97278.htm,2024-04-29,"Rivera, J.",Disposition: Applications for Criminal Leave to appeal denied
279,https://www.nycourts.gov/reporter/motions/2024/2024_97279.htm,2024-04-26,"Garcia, J.",Disposition: Applications for Criminal Leave to appeal denied
280,https://www.nycourts.gov/reporter/motions/2024/2024_97280.htm,2024-04-26,"Cannataro, J.",Disposition: Applications for Criminal Leave to appeal denied
281,https://www.nycourts.gov/reporter/motions/2024/2024_97281.htm,2024-04-29,"Rivera, J.",Disposition: Applications for Criminal Leave to appeal denied
282,https://www.nycourts.gov/reporter/motions/2024/2024_97282.htm,2024-04-30,"Cannataro, J.",Disposition: Applications for Criminal Leave to appeal denied
283,https://www.nycourts.gov/reporter/motions/2024/2024_97283.htm,2024-04-03,"Halligan, J.",Disposition: Applications for Criminal Leave to appeal denied
284,https://www.nycourts.gov/reporter/motions/2024/2024_97284.htm,2024-04-30,"Garcia, J.",Disposition: Applications for Criminal Leave to appeal denied
285,https://www.nycourts.gov/reporter/motions/2024/2024_97285.htm,2024-04-30,"Cannataro, J.",Disposition: Applications for Criminal Leave to appeal denied
286,https://www.nycourts.gov/reporter/motions/2024/2024_97286.htm,2024-04-30,"Cannataro, J.",Disposition: Applications for Criminal Leave to appeal denied
287,https://www.nycourts.gov/reporter/motions/2024/2024_97287.htm,2024-04-29,"Halligan, J.",Disposition: Applications for Criminal Leave to appeal denied
288,https://www.nycourts.gov/reporter/motions/2024/2024_97288.htm,2024-04-26,"Cannataro, J.",Disposition: Applications for Criminal Leave to appeal denied
289,https://www.nycourts.gov/reporter/motions/2024/2024_97289.htm,2024-04-29,"Rivera, J.",Disposition: Applications for Criminal Leave to appeal denied
290,https://www.nycourts.gov/reporter/motions/2024/2024_97290.htm,2024-04-30,"Singas, J.",Disposition: Applications for Criminal Leave to appeal denied
291,https://www.nycourts.gov/reporter/motions/2024/2024_97291.htm,2024-04-30,"Singas, J.",Disposition: Applications for Criminal Leave to appeal granted
292,https://www.nycourts.gov/reporter/motions/2024/2024_97292.htm,2024-04-10,"Garcia, J.",Disposition: Applications for Criminal Leave to appeal denied
293,https://www.nycourts.gov/reporter/motions/2024/2024_97293.htm,2024-04-30,"Cannataro, J.",Disposition: Applications for Criminal Leave to appeal denied
294,https://www.nycourts.gov/reporter/motions/2024/2024_97294.htm,2024-04-15,"Garcia, J.",Disposition: Applications for Criminal Leave to appeal denied
295,https://www.nycourts.gov/reporter/motions/2024/2024_97295.htm,2024-04-15,"Garcia, J.",Disposition: Applications for Criminal Leave to appeal denied
296,https://www.nycourts.gov/reporter/motions/2024/2024_97296.htm,2024-04-24,"Wilson, Ch. J.",Disposition: Applications for Criminal Leave to appeal denied
297,https://www.nycourts.gov/reporter/motions/2024/2024_97297.htm,2024-04-22,"Halligan, J.",Disposition: Applications for Criminal Leave to appeal denied
298,https://www.nycourts.gov/reporter/motions/2024/2024_97298.htm,2024-04-26,"Singas, J.",Disposition: Applications for Criminal Leave to appeal denied
299,https://www.nycourts.gov/reporter/motions/2024/2024_97299.htm,2024-04-26,"Cannataro, J.",Disposition: Applications for Criminal Leave to appeal denied
300,https://www.nycourts.gov/reporter/motions/2024/2024_97300.htm,2024-04-30,"Cannataro, J.",Disposition: Applications for Criminal Leave to appeal denied
301,https://www.nycourts.gov/reporter/motions/2024/2024_97301.htm,2024-04-30,"Cannataro, J.",Disposition: Applications for Criminal Leave to appeal denied
302,https://www.nycourts.gov/reporter/motions/2024/2024_97302.htm,2024-04-30,"Garcia, J.",Disposition: Applications for Criminal Leave to appeal denied
303,https://www.nycourts.gov/reporter/motions/2024/2024_97303.htm,2024-04-26,"Cannataro, J.",Disposition: Applications for Criminal Leave to appeal denied
304,https://www.nycourts.gov/reporter/motions/2024/2024_97304.htm,2024-04-26,"Cannataro, J.",Disposition: Applications for Criminal Leave to appeal denied
305,https://www.nycourts.gov/reporter/motions/2024/2024_97305.htm,2024-04-26,"Cannataro, J.",Disposition: Applications for Criminal Leave to appeal denied
306,https://www.nycourts.gov/reporter/motions/2024/2024_97306.htm,2024-04-26,"Cannataro, J.",Disposition: Applications for Criminal Leave to appeal denied
307,https://www.nycourts.gov/reporter/motions/2024/2024_97307.htm,2024-04-26,"Cannataro, J.",Disposition: Applications for Criminal Leave to appeal denied
308,https://www.nycourts.gov/reporter/motions/2024/2024_97308.htm,2024-04-30,"Cannataro, J.",Disposition: Applications for Criminal Leave to appeal denied
309,https://www.nycourts.gov/reporter/motions/2024/2024_97309.htm,2024-04-22,"Rivera, J.",Disposition: Applications for Criminal Leave to appeal denied
310,https://www.nycourts.gov/reporter/motions/2024/2024_97310.htm,2024-04-05,"Rivera, J.",Disposition: Applications for Criminal Leave to appeal denied
311,https://www.nycourts.gov/reporter/motions/2024/2024_97311.htm,2024-04-24,"Rivera, J.",Disposition: Applications for Criminal Leave to appeal dismissed
312,https://www.nycourts.gov/reporter/motions/2024/2024_97312.htm,2024-04-24,"Rivera, J.",Disposition: Applications for Criminal Leave to appeal denied
313,https://www.nycourts.gov/reporter/motions/2024/2024_97313.htm,2024-04-26,"Cannataro, J.",Disposition: Applications for Criminal Leave to appeal denied
314,https://www.nycourts.gov/reporter/motions/2024/2024_97314.htm,2024-04-30,"Halligan, J.",Disposition: Applications for Criminal Leave to appeal denied
315,https://www.nycourts.gov/reporter/motions/2024/2024_97315.htm,2024-04-30,"Cannataro, J.",Disposition: Applications for Criminal Leave to appeal denied
316,https://www.nycourts.gov/reporter/motions/2024/2024_97316.htm,2024-04-08,"Rivera, J.",Disposition: Applications for Criminal Leave to appeal denied
317,https://www.nycourts.gov/reporter/motions/2024/2024_97317.htm,2024-04-23,"Cannataro, J.",Disposition: Applications for Criminal Leave to appeal denied
318,https://www.nycourts.gov/reporter/motions/2024/2024_97318.htm,2024-04-26,"Garcia, J.",Disposition: Applications for Criminal Leave to appeal denied
319,https://www.nycourts.gov/reporter/motions/2024/2024_97319.htm,2024-04-24,"Rivera, J.",Disposition: Applications for Criminal Leave to appeal granted
320,https://www.nycourts.gov/reporter/motions/2024/2024_97320.htm,2024-04-18,"Garcia, J.",Disposition: Applications for Criminal Leave to appeal denied
321,https://www.nycourts.gov/reporter/motions/2024/2024_97321.htm,2024-04-30,"Cannataro, J.",Disposition: Applications for Criminal Leave to appeal denied
322,https://www.nycourts.gov/reporter/motions/2024/2024_97322.htm,2024-04-30,"Cannataro, J.",Disposition: Applications for Criminal Leave to appeal denied
323,https://www.nycourts.gov/reporter/motions/2024/2024_97323.htm,2024-04-25,"Garcia, J.",Disposition: Applications for Criminal Leave to appeal denied
324,https://www.nycourts.gov/reporter/motions/2024/2024_97324.htm,2024-04-04,"Halligan, J.",Disposition: Applications for Criminal Leave to appeal granted
325,https://www.nycourts.gov/reporter/motions/2024/2024_97325.htm,2024-04-29,"Rivera, J.",Disposition: Applications for Criminal Leave to appeal denied reconsideration
326,https://www.nycourts.gov/reporter/motions/2024/2024_97326.htm,2024-04-02,"Halligan, J.",Disposition: Applications for Criminal Leave to appeal denied
327,https://www.nycourts.gov/reporter/motions/2024/2024_97327.htm,2024-04-10,"Garcia, J.",Disposition: Applications for Criminal Leave to appeal denied
328,https://www.nycourts.gov/reporter/motions/2024/2024_97328.htm,2024-04-30,"Halligan, J.",Disposition: Applications for Criminal Leave to appeal denied
329,https://www.nycourts.gov/reporter/motions/2024/2024_97329.htm,2024-04-26,"Cannataro, J.",Disposition: Applications for Criminal Leave to appeal denied
330,https://www.nycourts.gov/reporter/motions/2024/2024_97330.htm,2024-04-24,"Wilson, Ch. J.",Disposition: Applications for Criminal Leave to appeal denied
331,https://www.nycourts.gov/reporter/motions/2024/2024_97331.htm,2024-04-22,"Halligan, J.",Disposition: Applications for Criminal Leave to appeal denied
332,https://www.nycourts.gov/reporter/motions/2024/2024_97332.htm,2024-04-26,"Cannataro, J.",Disposition: Applications for Criminal Leave to appeal denied
333,https://www.nycourts.gov/reporter/motions/2024/2024_97333.htm,2024-04-03,"Halligan, J.",Disposition: Applications for Criminal Leave to appeal denied
334,https://www.nycourts.gov/reporter/motions/2024/2024_97334.htm,2024-04-15,"Garcia, J.",Disposition: Applications for Criminal Leave to appeal dismissed
335,https://www.nycourts.gov/reporter/motions/2024/2024_97335.htm,2024-04-08,"Rivera, J.",Disposition: Applications for Criminal Leave to appeal denied
336,https://www.nycourts.gov/reporter/motions/2024/2024_97336.htm,2024-04-30,"Garcia, J.",Disposition: Applications for Criminal Leave to appeal dismissed
337,https://www.nycourts.gov/reporter/motions/2024/2024_97337.htm,2024-04-15,"Garcia, J.",Disposition: Applications for Criminal Leave to appeal denied
338,https://www.nycourts.gov/reporter/motions/2024/2024_97338.htm,2024-04-30,"Cannataro, J.",Disposition: Applications for Criminal Leave to appeal dismissed
339,https://www.nycourts.gov/reporter/motions/2024/2024_97339.htm,2024-04-29,"Rivera, J.",Disposition: Applications for Criminal Leave to appeal denied
340,https://www.nycourts.gov/reporter/motions/2024/2024_97340.htm,2024-04-08,"Rivera, J.",Disposition: Applications for Criminal Leave to appeal denied
341,https://www.nycourts.gov/reporter/motions/2024/2024_97341.htm,2024-04-09,"Garcia, J.",Disposition: Applications for Criminal Leave to appeal denied
342,https://www.nycourts.gov/reporter/motions/2024/2024_97342.htm,2024-04-26,"Cannataro, J.",Disposition: Applications for Criminal Leave to appeal denied
343,https://www.nycourts.gov/reporter/motions/2024/2024_97343.htm,2024-04-02,"Halligan, J.",Disposition: Applications for Criminal Leave to appeal denied
344,https://www.nycourts.gov/reporter/motions/2024/2024_97344.htm,2024-04-29,"Halligan, J.",Disposition: Applications for Criminal Leave to appeal denied
345,https://www.nycourts.gov/reporter/motions/2024/2024_97345.htm,2024-04-29,"Rivera, J.",Disposition: Applications for Criminal Leave to appeal denied
346,https://www.nycourts.gov/reporter/motions/2024/2024_97346.htm,2024-04-30,"Singas, J.",Disposition: Applications for Criminal Leave to appeal denied
347,https://www.nycourts.gov/reporter/motions/2024/2024_97347.htm,2024-04-26,"Cannataro, J.",Disposition: Applications for Criminal Leave to appeal denied
348,https://www.nycourts.gov/reporter/motions/2024/2024_97348.htm,2024-04-30,"Halligan, J.",Disposition: Applications for Criminal Leave to appeal denied
349,https://www.nycourts.gov/reporter/motions/2024/2024_97349.htm,2024-04-30,"Halligan, J.",Disposition: Applications for Criminal Leave to appeal denied
350,https://www.nycourts.gov/reporter/motions/2024/2024_97350.htm,2024-04-11,"Garcia, J.",Disposition: Applications for Criminal Leave to appeal denied
351,https://www.nycourts.gov/reporter/motions/2024/2024_97351.htm,2024-04-12,"Cannataro, J.",Disposition: Applications for Criminal Leave to appeal dismissed
352,https://www.nycourts.gov/reporter/motions/2024/2024_97352.htm,2024-04-26,"Garcia, J.",Disposition: Applications for Criminal Leave to appeal denied
353,https://www.nycourts.gov/reporter/motions/2024/2024_97353.htm,2024-04-29,"Halligan, J.",Disposition: Applications for Criminal Leave to appeal denied
354,https://www.nycourts.gov/reporter/motions/2024/2024_97354.htm,2024-04-25,"Singas, J.",Disposition: Applications for Criminal Leave to appeal dismissed
355,https://www.nycourts.gov/reporter/motions/2024/2024_97355.htm,2024-04-26,"Cannataro, J.",Disposition: Applications for Criminal Leave to appeal denied
356,https://www.nycourts.gov/reporter/motions/2024/2024_97356.htm,2024-04-30,"Singas, J.",Disposition: Applications for Criminal Leave to appeal denied
357,https://www.nycourts.gov/reporter/motions/2024/2024_97357.htm,2024-04-30,"Singas, J.",Disposition: Applications for Criminal Leave to appeal denied
358,https://www.nycourts.gov/reporter/motions/2024/2024_97358.htm,2024-04-26,"Cannataro, J.",Disposition: Applications for Criminal Leave to appeal denied
359,https://www.nycourts.gov/reporter/motions/2024/2024_97359.htm,2024-04-29,"Singas, J.",Disposition: Applications for Criminal Leave to appeal denied
360,https://www.nycourts.gov/reporter/motions/2024/2024_97360.htm,2024-04-29,"Halligan, J.",Disposition: Applications for Criminal Leave to appeal denied
361,https://www.nycourts.gov/reporter/motions/2024/2024_97361.htm,2024-04-26,"Garcia, J.",Disposition: Applications for Criminal Leave to appeal denied
362,https://www.nycourts.gov/reporter/motions/2024/2024_97362.htm,2024-04-26,"Singas, J.",Disposition: Applications for Criminal Leave to appeal denied
363,https://www.nycourts.gov/reporter/motions/2024/2024_97363.htm,2024-04-18,"Singas, J.",Disposition: Applications for Criminal Leave to appeal denied
364,https://www.nycourts.gov/reporter/motions/2024/2024_97364.htm,2024-04-30,"Singas, J.",Disposition: Applications for Criminal Leave to appeal denied* 
365,https://www.nycourts.gov/reporter/motions/2024/2024_97365.htm,2024-04-12,"Troutman, J.",Disposition: Applications for Criminal Leave to appeal granted
366,https://www.nycourts.gov/reporter/motions/2024/2024_97366.htm,2024-04-30,"Rivera, J.",Disposition: Applications for Criminal Leave to appeal denied
367,https://www.nycourts.gov/reporter/motions/2024/2024_97367.htm,2024-04-26,"Cannataro, J.",Disposition: Applications for Criminal Leave to appeal dismissed
368,https://www.nycourts.gov/reporter/motions/2024/2024_97368.htm,2024-04-26,"Cannataro, J.",Disposition: Applications for Criminal Leave to appeal denied
